{
  "oceanvillagertrader:turtle_axe":[
    {
      "attribute": "minecraft:generic.attack_damage",
      "modify": 2.5,
      "operation": "ADDITION"
    },
    {
      "attribute": "minecraft:generic.attack_speed",
      "modify": -0.5,
      "operation": "ADDITION"
    }
  ],
  "l2complements:poseidite_axe":[
    {
      "attribute": "minecraft:generic.attack_damage",
      "modify": 4,
      "operation": "ADDITION"
    }
  ],
  "l2complements:shulkerate_axe":[
    {
      "attribute": "minecraft:generic.attack_damage",
      "modify": 8,
      "operation": "ADDITION"
    }
  ],
  "l2complements:sculkium_axe":[
    {
      "attribute": "minecraft:generic.attack_damage",
      "modify": 7,
      "operation": "ADDITION"
    }
  ],
  "l2complements:eternium_axe":[
    {
      "attribute": "minecraft:generic.attack_damage",
      "modify": 11,
      "operation": "ADDITION"
    }
  ],
  "l2weaponry:ice_dragonsteel_claw":[
    {
      "attribute": "minecraft:generic.attack_damage",
      "modify": -0.36,
      "operation": "MULTIPLY_TOTAL"
    }
  ],
  "l2weaponry:fire_dragonsteel_claw":[
    {
      "attribute": "minecraft:generic.attack_damage",
      "modify": -0.36,
      "operation": "MULTIPLY_TOTAL"
    }
  ],
  "l2weaponry:lightning_dragonsteel_claw":[
    {
      "attribute": "minecraft:generic.attack_damage",
      "modify": -0.36,
      "operation": "MULTIPLY_TOTAL"
    }
  ],
  "l2weaponry:ice_dragonsteel_dagger":[
    {
      "attribute": "minecraft:generic.attack_damage",
      "modify": -0.36,
      "operation": "MULTIPLY_TOTAL"
    }
  ],
  "l2weaponry:fire_dragonsteel_dagger":[
    {
      "attribute": "minecraft:generic.attack_damage",
      "modify": -0.36,
      "operation": "MULTIPLY_TOTAL"
    }
  ],
  "l2weaponry:lightning_dragonsteel_dagger":[
    {
      "attribute": "minecraft:generic.attack_damage",
      "modify": -0.36,
      "operation": "MULTIPLY_TOTAL"
    }
  ],
"l2weaponry:ice_dragonsteel_machete":[
    {
      "attribute": "minecraft:generic.attack_damage",
      "modify": -0.36,
      "operation": "MULTIPLY_TOTAL"
    }
  ],
  "l2weaponry:fire_dragonsteel_machete":[
    {
      "attribute": "minecraft:generic.attack_damage",
      "modify": -0.36,
      "operation": "MULTIPLY_TOTAL"
    }
  ],
  "l2weaponry:lightning_dragonsteel_machete":[
    {
      "attribute": "minecraft:generic.attack_damage",
      "modify": -0.36,
      "operation": "MULTIPLY_TOTAL"
    }
  ],
"l2weaponry:ice_dragonsteel_throwing_axe":[
    {
      "attribute": "minecraft:generic.attack_damage",
      "modify": -0.36,
      "operation": "MULTIPLY_TOTAL"
    }
  ],
  "l2weaponry:fire_dragonsteel_throwing_axe":[
    {
      "attribute": "minecraft:generic.attack_damage",
      "modify": -0.36,
      "operation": "MULTIPLY_TOTAL"
    }
  ],
  "l2weaponry:lightning_dragonsteel_throwing_axe":[
    {
      "attribute": "minecraft:generic.attack_damage",
      "modify": -0.36,
      "operation": "MULTIPLY_TOTAL"
    }
  ],
"l2weaponry:ice_dragonsteel_hammer":[
    {
      "attribute": "minecraft:generic.attack_damage",
      "modify": -0.36,
      "operation": "MULTIPLY_TOTAL"
    }
  ],
  "l2weaponry:fire_dragonsteel_hammer":[
    {
      "attribute": "minecraft:generic.attack_damage",
      "modify": -0.36,
      "operation": "MULTIPLY_TOTAL"
    }
  ],
  "l2weaponry:lightning_dragonsteel_hammer":[
    {
      "attribute": "minecraft:generic.attack_damage",
      "modify": -0.36,
      "operation": "MULTIPLY_TOTAL"
    }
  ],
"l2weaponry:ice_dragonsteel_battle_axe":[
    {
      "attribute": "minecraft:generic.attack_damage",
      "modify": -0.36,
      "operation": "MULTIPLY_TOTAL"
    }
  ],
  "l2weaponry:fire_dragonsteel_battle_axe":[
    {
      "attribute": "minecraft:generic.attack_damage",
      "modify": -0.36,
      "operation": "MULTIPLY_TOTAL"
    }
  ],
  "l2weaponry:lightning_dragonsteel_battle_axe":[
    {
      "attribute": "minecraft:generic.attack_damage",
      "modify": -0.36,
      "operation": "MULTIPLY_TOTAL"
    }
  ],
"l2weaponry:ice_dragonsteel_scythe":[
    {
      "attribute": "minecraft:generic.attack_damage",
      "modify": -0.36,
      "operation": "MULTIPLY_TOTAL"
    }
  ],
  "l2weaponry:fire_dragonsteel_scythe":[
    {
      "attribute": "minecraft:generic.attack_damage",
      "modify": -0.36,
      "operation": "MULTIPLY_TOTAL"
    }
  ],
  "l2weaponry:lightning_dragonsteel_scythe":[
    {
      "attribute": "minecraft:generic.attack_damage",
      "modify": -0.36,
      "operation": "MULTIPLY_TOTAL"
    }
  ],
"l2weaponry:ice_dragonsteel_spear":[
    {
      "attribute": "minecraft:generic.attack_damage",
      "modify": -0.36,
      "operation": "MULTIPLY_TOTAL"
    }
  ],
  "l2weaponry:fire_dragonsteel_spear":[
    {
      "attribute": "minecraft:generic.attack_damage",
      "modify": -0.36,
      "operation": "MULTIPLY_TOTAL"
    }
  ],
  "l2weaponry:lightning_dragonsteel_spear":[
    {
      "attribute": "minecraft:generic.attack_damage",
      "modify": -0.36,
      "operation": "MULTIPLY_TOTAL"
    }
  ],
"l2weaponry:ice_dragonsteel_javelin":[
    {
      "attribute": "minecraft:generic.attack_damage",
      "modify": -0.36,
      "operation": "MULTIPLY_TOTAL"
    }
  ],
  "l2weaponry:fire_dragonsteel_javelin":[
    {
      "attribute": "minecraft:generic.attack_damage",
      "modify": -0.36,
      "operation": "MULTIPLY_TOTAL"
    }
  ],
  "l2weaponry:lightning_dragonsteel_javelin":[
    {
      "attribute": "minecraft:generic.attack_damage",
      "modify": -0.36,
      "operation": "MULTIPLY_TOTAL"
    }
  ],
  "l2weaponry:ice_dragonsteel_nunchaku":[
    {
      "attribute": "minecraft:generic.attack_damage",
      "modify": -0.36,
      "operation": "MULTIPLY_TOTAL"
    }
  ],
  "l2weaponry:fire_dragonsteel_nunchaku":[
    {
      "attribute": "minecraft:generic.attack_damage",
      "modify": -0.36,
      "operation": "MULTIPLY_TOTAL"
    }
  ],
  "l2weaponry:lightning_dragonsteel_nunchaku":[
    {
      "attribute": "minecraft:generic.attack_damage",
      "modify": -0.36,
      "operation": "MULTIPLY_TOTAL"
    }
  ],
  "spartanfire:ice_dragonsteel_boomerang":[
    {
      "attribute": "minecraft:generic.attack_damage",
      "modify": -0.36,
      "operation": "MULTIPLY_TOTAL"
    }
  ],
  "spartanfire:fire_dragonsteel_boomerang":[
    {
      "attribute": "minecraft:generic.attack_damage",
      "modify": -0.36,
      "operation": "MULTIPLY_TOTAL"
    }
  ],
  "spartanfire:lightning_dragonsteel_boomerang":[
    {
      "attribute": "minecraft:generic.attack_damage",
      "modify": -0.36,
      "operation": "MULTIPLY_TOTAL"
    }
  ],
  "spartanfire:ice_dragonsteel_javelin":[
    {
      "attribute": "minecraft:generic.attack_damage",
      "modify": -0.36,
      "operation": "MULTIPLY_TOTAL"
    }
  ],
  "spartanfire:fire_dragonsteel_javelin":[
    {
      "attribute": "minecraft:generic.attack_damage",
      "modify": -0.36,
      "operation": "MULTIPLY_TOTAL"
    }
  ],
  "spartanfire:lightning_dragonsteel_javelin":[
    {
      "attribute": "minecraft:generic.attack_damage",
      "modify": -0.36,
      "operation": "MULTIPLY_TOTAL"
    }
  ],
  "spartanfire:ice_dragonsteel_tomahawk":[
    {
      "attribute": "minecraft:generic.attack_damage",
      "modify": -0.36,
      "operation": "MULTIPLY_TOTAL"
    }
  ],
  "spartanfire:fire_dragonsteel_tomahawk":[
    {
      "attribute": "minecraft:generic.attack_damage",
      "modify": -0.36,
      "operation": "MULTIPLY_TOTAL"
    }
  ],
  "spartanfire:lightning_dragonsteel_tomahawk":[
    {
      "attribute": "minecraft:generic.attack_damage",
      "modify": -0.36,
      "operation": "MULTIPLY_TOTAL"
    }
  ],
  "spartanfire:ice_dragonsteel_throwing_knife":[
    {
      "attribute": "minecraft:generic.attack_damage",
      "modify": -0.36,
      "operation": "MULTIPLY_TOTAL"
    }
  ],
  "spartanfire:fire_dragonsteel_throwing_knife":[
    {
      "attribute": "minecraft:generic.attack_damage",
      "modify": -0.36,
      "operation": "MULTIPLY_TOTAL"
    }
  ],
  "spartanfire:lightning_dragonsteel_throwing_knife":[
    {
      "attribute": "minecraft:generic.attack_damage",
      "modify": -0.36,
      "operation": "MULTIPLY_TOTAL"
    }
  ],
  "spartanfire:ice_dragonsteel_dagger":[
    {
      "attribute": "minecraft:generic.attack_damage",
      "modify": -0.36,
      "operation": "MULTIPLY_TOTAL"
    }
  ],
  "spartanfire:fire_dragonsteel_dagger":[
    {
      "attribute": "minecraft:generic.attack_damage",
      "modify": -0.36,
      "operation": "MULTIPLY_TOTAL"
    }
  ],
  "spartanfire:lightning_dragonsteel_dagger":[
    {
      "attribute": "minecraft:generic.attack_damage",
      "modify": -0.36,
      "operation": "MULTIPLY_TOTAL"
    }
  ],
  "spartanfire:ice_dragonsteel_parrying_dagger":[
    {
      "attribute": "minecraft:generic.attack_damage",
      "modify": -0.36,
      "operation": "MULTIPLY_TOTAL"
    }
  ],
  "spartanfire:fire_dragonsteel_parrying_dagger":[
    {
      "attribute": "minecraft:generic.attack_damage",
      "modify": -0.36,
      "operation": "MULTIPLY_TOTAL"
    }
  ],
  "spartanfire:lightning_dragonsteel_parrying_dagger":[
    {
      "attribute": "minecraft:generic.attack_damage",
      "modify": -0.36,
      "operation": "MULTIPLY_TOTAL"
    }
  ],
  "spartanfire:ice_dragonsteel_longsword":[
    {
      "attribute": "minecraft:generic.attack_damage",
      "modify": -0.36,
      "operation": "MULTIPLY_TOTAL"
    }
  ],
  "spartanfire:fire_dragonsteel_longsword":[
    {
      "attribute": "minecraft:generic.attack_damage",
      "modify": -0.36,
      "operation": "MULTIPLY_TOTAL"
    }
  ],
  "spartanfire:lightning_dragonsteel_longsword":[
    {
      "attribute": "minecraft:generic.attack_damage",
      "modify": -0.36,
      "operation": "MULTIPLY_TOTAL"
    }
  ],
  "spartanfire:ice_dragonsteel_katana":[
    {
      "attribute": "minecraft:generic.attack_damage",
      "modify": -0.36,
      "operation": "MULTIPLY_TOTAL"
    }
  ],
  "spartanfire:fire_dragonsteel_katana":[
    {
      "attribute": "minecraft:generic.attack_damage",
      "modify": -0.36,
      "operation": "MULTIPLY_TOTAL"
    }
  ],
  "spartanfire:lightning_dragonsteel_katana":[
    {
      "attribute": "minecraft:generic.attack_damage",
      "modify": -0.36,
      "operation": "MULTIPLY_TOTAL"
    }
  ],
  "spartanfire:ice_dragonsteel_saber":[
    {
      "attribute": "minecraft:generic.attack_damage",
      "modify": -0.36,
      "operation": "MULTIPLY_TOTAL"
    }
  ],
  "spartanfire:fire_dragonsteel_saber":[
    {
      "attribute": "minecraft:generic.attack_damage",
      "modify": -0.36,
      "operation": "MULTIPLY_TOTAL"
    }
  ],
  "spartanfire:lightning_dragonsteel_saber":[
    {
      "attribute": "minecraft:generic.attack_damage",
      "modify": -0.36,
      "operation": "MULTIPLY_TOTAL"
    }
  ],
  "spartanfire:ice_dragonsteel_rapier":[
    {
      "attribute": "minecraft:generic.attack_damage",
      "modify": -0.36,
      "operation": "MULTIPLY_TOTAL"
    }
  ],
  "spartanfire:fire_dragonsteel_rapier":[
    {
      "attribute": "minecraft:generic.attack_damage",
      "modify": -0.36,
      "operation": "MULTIPLY_TOTAL"
    }
  ],
  "spartanfire:lightning_dragonsteel_rapier":[
    {
      "attribute": "minecraft:generic.attack_damage",
      "modify": -0.36,
      "operation": "MULTIPLY_TOTAL"
    }
  ],
  "spartanfire:ice_dragonsteel_greatsword":[
    {
      "attribute": "minecraft:generic.attack_damage",
      "modify": -0.36,
      "operation": "MULTIPLY_TOTAL"
    }
  ],
  "spartanfire:fire_dragonsteel_greatsword":[
    {
      "attribute": "minecraft:generic.attack_damage",
      "modify": -0.36,
      "operation": "MULTIPLY_TOTAL"
    }
  ],
  "spartanfire:lightning_dragonsteel_greatsword":[
    {
      "attribute": "minecraft:generic.attack_damage",
      "modify": -0.36,
      "operation": "MULTIPLY_TOTAL"
    }
  ],
  "spartanfire:ice_dragonsteel_battle_hammer":[
    {
      "attribute": "minecraft:generic.attack_damage",
      "modify": -0.36,
      "operation": "MULTIPLY_TOTAL"
    }
  ],
  "spartanfire:fire_dragonsteel_battle_hammer":[
    {
      "attribute": "minecraft:generic.attack_damage",
      "modify": -0.36,
      "operation": "MULTIPLY_TOTAL"
    }
  ],
  "spartanfire:lightning_dragonsteel_battle_hammer":[
    {
      "attribute": "minecraft:generic.attack_damage",
      "modify": -0.36,
      "operation": "MULTIPLY_TOTAL"
    }
  ],
  "spartanfire:ice_dragonsteel_warhammer":[
    {
      "attribute": "minecraft:generic.attack_damage",
      "modify": -0.36,
      "operation": "MULTIPLY_TOTAL"
    }
  ],
  "spartanfire:fire_dragonsteel_warhammer":[
    {
      "attribute": "minecraft:generic.attack_damage",
      "modify": -0.36,
      "operation": "MULTIPLY_TOTAL"
    }
  ],
  "spartanfire:lightning_dragonsteel_warhammer":[
    {
      "attribute": "minecraft:generic.attack_damage",
      "modify": -0.36,
      "operation": "MULTIPLY_TOTAL"
    }
  ],
  "spartanfire:ice_dragonsteel_spear":[
    {
      "attribute": "minecraft:generic.attack_damage",
      "modify": -0.36,
      "operation": "MULTIPLY_TOTAL"
    }
  ],
  "spartanfire:fire_dragonsteel_spear":[
    {
      "attribute": "minecraft:generic.attack_damage",
      "modify": -0.36,
      "operation": "MULTIPLY_TOTAL"
    }
  ],
  "spartanfire:lightning_dragonsteel_spear":[
    {
      "attribute": "minecraft:generic.attack_damage",
      "modify": -0.36,
      "operation": "MULTIPLY_TOTAL"
    }
  ],
  "spartanfire:ice_dragonsteel_halberd":[
    {
      "attribute": "minecraft:generic.attack_damage",
      "modify": -0.36,
      "operation": "MULTIPLY_TOTAL"
    }
  ],
  "spartanfire:fire_dragonsteel_halberd":[
    {
      "attribute": "minecraft:generic.attack_damage",
      "modify": -0.36,
      "operation": "MULTIPLY_TOTAL"
    }
  ],
  "spartanfire:lightning_dragonsteel_halberd":[
    {
      "attribute": "minecraft:generic.attack_damage",
      "modify": -0.36,
      "operation": "MULTIPLY_TOTAL"
    }
  ],
  "spartanfire:ice_dragonsteel_pike":[
    {
      "attribute": "minecraft:generic.attack_damage",
      "modify": -0.36,
      "operation": "MULTIPLY_TOTAL"
    }
  ],
  "spartanfire:fire_dragonsteel_pike":[
    {
      "attribute": "minecraft:generic.attack_damage",
      "modify": -0.36,
      "operation": "MULTIPLY_TOTAL"
    }
  ],
  "spartanfire:lightning_dragonsteel_pike":[
    {
      "attribute": "minecraft:generic.attack_damage",
      "modify": -0.36,
      "operation": "MULTIPLY_TOTAL"
    }
  ],
  "spartanfire:ice_dragonsteel_lance":[
    {
      "attribute": "minecraft:generic.attack_damage",
      "modify": -0.36,
      "operation": "MULTIPLY_TOTAL"
    }
  ],
  "spartanfire:fire_dragonsteel_lance":[
    {
      "attribute": "minecraft:generic.attack_damage",
      "modify": -0.36,
      "operation": "MULTIPLY_TOTAL"
    }
  ],
  "spartanfire:lightning_dragonsteel_lance":[
    {
      "attribute": "minecraft:generic.attack_damage",
      "modify": -0.36,
      "operation": "MULTIPLY_TOTAL"
    }
  ],
  "spartanfire:ice_dragonsteel_battleaxe":[
    {
      "attribute": "minecraft:generic.attack_damage",
      "modify": -0.36,
      "operation": "MULTIPLY_TOTAL"
    }
  ],
  "spartanfire:fire_dragonsteel_battleaxe":[
    {
      "attribute": "minecraft:generic.attack_damage",
      "modify": -0.36,
      "operation": "MULTIPLY_TOTAL"
    }
  ],
  "spartanfire:lightning_dragonsteel_battleaxe":[
    {
      "attribute": "minecraft:generic.attack_damage",
      "modify": -0.36,
      "operation": "MULTIPLY_TOTAL"
    }
  ],
  "spartanfire:ice_dragonsteel_flanged_mace":[
    {
      "attribute": "minecraft:generic.attack_damage",
      "modify": -0.36,
      "operation": "MULTIPLY_TOTAL"
    }
  ],
  "spartanfire:fire_dragonsteel_flanged_mace":[
    {
      "attribute": "minecraft:generic.attack_damage",
      "modify": -0.36,
      "operation": "MULTIPLY_TOTAL"
    }
  ],
  "spartanfire:lightning_dragonsteel_flanged_mace":[
    {
      "attribute": "minecraft:generic.attack_damage",
      "modify": -0.36,
      "operation": "MULTIPLY_TOTAL"
    }
  ],
  "spartanfire:ice_dragonsteel_glaive":[
    {
      "attribute": "minecraft:generic.attack_damage",
      "modify": -0.36,
      "operation": "MULTIPLY_TOTAL"
    }
  ],
  "spartanfire:fire_dragonsteel_glaive":[
    {
      "attribute": "minecraft:generic.attack_damage",
      "modify": -0.36,
      "operation": "MULTIPLY_TOTAL"
    }
  ],
  "spartanfire:lightning_dragonsteel_glaive":[
    {
      "attribute": "minecraft:generic.attack_damage",
      "modify": -0.36,
      "operation": "MULTIPLY_TOTAL"
    }
  ],
  "spartanfire:ice_dragonsteel_quarterstaff":[
    {
      "attribute": "minecraft:generic.attack_damage",
      "modify": -0.36,
      "operation": "MULTIPLY_TOTAL"
    }
  ],
  "spartanfire:fire_dragonsteel_quarterstaff":[
    {
      "attribute": "minecraft:generic.attack_damage",
      "modify": -0.36,
      "operation": "MULTIPLY_TOTAL"
    }
  ],
  "spartanfire:lightning_dragonsteel_quarterstaff":[
    {
      "attribute": "minecraft:generic.attack_damage",
      "modify": -0.36,
      "operation": "MULTIPLY_TOTAL"
    }
  ],
  "spartanfire:ice_dragonsteel_scythe":[
    {
      "attribute": "minecraft:generic.attack_damage",
      "modify": -0.36,
      "operation": "MULTIPLY_TOTAL"
    }
  ],
  "spartanfire:fire_dragonsteel_scythe":[
    {
      "attribute": "minecraft:generic.attack_damage",
      "modify": -0.36,
      "operation": "MULTIPLY_TOTAL"
    }
  ],
  "spartanfire:lightning_dragonsteel_scythe":[
    {
      "attribute": "minecraft:generic.attack_damage",
      "modify": -0.36,
      "operation": "MULTIPLY_TOTAL"
    }
  ],
  "iceandfire:dragonsteel_ice_axe":[
    {
      "attribute": "minecraft:generic.attack_damage",
      "modify": -0.36,
      "operation": "MULTIPLY_TOTAL"
    }
  ],
  "iceandfire:dragonsteel_fire_axe":[
    {
      "attribute": "minecraft:generic.attack_damage",
      "modify": -0.36,
      "operation": "MULTIPLY_TOTAL"
    }
  ],
  "iceandfire:dragonsteel_lightning_axe":[
    {
      "attribute": "minecraft:generic.attack_damage",
      "modify": -0.36,
      "operation": "MULTIPLY_TOTAL"
    }
  ],
  "iceandfire:dragonsteel_ice_shovel":[
    {
      "attribute": "minecraft:generic.attack_damage",
      "modify": -0.36,
      "operation": "MULTIPLY_TOTAL"
    }
  ],
  "iceandfire:dragonsteel_fire_shovel":[
    {
      "attribute": "minecraft:generic.attack_damage",
      "modify": -0.36,
      "operation": "MULTIPLY_TOTAL"
    }
  ],
  "iceandfire:dragonsteel_lightning_shovel":[
    {
      "attribute": "minecraft:generic.attack_damage",
      "modify": -0.36,
      "operation": "MULTIPLY_TOTAL"
    }
  ],
  "iceandfire:dragonsteel_ice_pickaxe":[
    {
      "attribute": "minecraft:generic.attack_damage",
      "modify": -0.36,
      "operation": "MULTIPLY_TOTAL"
    }
  ],
  "iceandfire:dragonsteel_fire_pickaxe":[
    {
      "attribute": "minecraft:generic.attack_damage",
      "modify": -0.36,
      "operation": "MULTIPLY_TOTAL"
    }
  ],
  "iceandfire:dragonsteel_lightning_pickaxe":[
    {
      "attribute": "minecraft:generic.attack_damage",
      "modify": -0.36,
      "operation": "MULTIPLY_TOTAL"
    }
  ],
  "iceandfire:dragonsteel_ice_hoe":[
    {
      "attribute": "minecraft:generic.attack_damage",
      "modify": -0.36,
      "operation": "MULTIPLY_TOTAL"
    }
  ],
  "iceandfire:dragonsteel_fire_hoe":[
    {
      "attribute": "minecraft:generic.attack_damage",
      "modify": -0.36,
      "operation": "MULTIPLY_TOTAL"
    }
  ],
  "iceandfire:dragonsteel_lightning_hoe":[
    {
      "attribute": "minecraft:generic.attack_damage",
      "modify": -0.36,
      "operation": "MULTIPLY_TOTAL"
    }
  ]
}